{
  "sheetsById": {
    "Main": {
      "staticOverrides": {
        "byObject": {
          "security-camera": {
            "position": {
              "x": -0.9700000000000017
            }
          },
          "SecurityCamera": {
            "position": {
              "x": 0
            },
            "scale": {
              "x": 0.1,
              "y": 0.1,
              "z": 0.1
            }
          },
          "SecurityCameraGroup": {
            "position": {
              "x": 6.349087922075114e-16,
              "y": 2.5326962749261384e-16,
              "z": 1.7600000000000013
            }
          },
          "SecurityCameraSight": {
            "rotation": {
              "y": -1.1000000000000005,
              "z": 1.600000000000001,
              "x": 0.4800000000000001
            },
            "position": {
              "x": 0.25,
              "y": -0.23999999999999994,
              "z": 0.5400000000000003
            }
          },
          "PersonGroup": {
            "position": {
              "x": -2.689999999999997,
              "y": -0.09999999999999987,
              "z": 2.2099999999999973
            }
          },
          "PersonSight": {
            "position": {
              "x": -5.898059818321144e-17,
              "y": 0.06000000000000003,
              "z": 0.6900000000000004
            },
            "rotation": {
              "x": -1.460000000000001
            }
          },
          "SecurityCameraGroup-1": {
            "position": {
              "x": -1.3700000000000006,
              "z": 1.540000000000001
            }
          },
          "PersonGroup-1": {
            "position": {
              "y": -0.29000000000000004,
              "x": 1.9800000000000013,
              "z": 3.489999999999997
            }
          },
          "Garden": {
            "position": {
              "x": 3.5735303605122226e-16
            }
          },
          "Level-1 / SecurityCameraGroup-1": {
            "position": {
              "x": 2.8200000000000047,
              "y": 2.569999999999996,
              "z": 0.3399999999999997
            },
            "rotation": {
              "y": 4.310000000000001
            }
          },
          "SecurityCameraSight-1": {
            "position": {
              "x": 0.31999999999999984,
              "y": -0.17000000000000004,
              "z": 0.81
            }
          },
          "Level-1 / SecurityCameraGroup-2": {
            "position": {
              "y": 2.6800000000000006,
              "x": -0.3300000000000004,
              "z": 1.4500000000000066
            },
            "rotation": {
              "y": 2.500000000000001
            }
          },
          "Level-1 / SecurityCameraGroup-3": {
            "position": {
              "y": 2.3600000000000003,
              "x": -1.2200000000000006,
              "z": -1.5500000000000005
            },
            "rotation": {
              "y": 1.0100000000000002
            }
          },
          "Level-1 / SecurityCameraGroup-4": {
            "position": {
              "y": 2.470000000000003,
              "x": -1.190000000000012,
              "z": -3.139999999999999
            },
            "rotation": {
              "y": -5.819999999999994
            }
          },
          "Level-1 / SecurityCameraGroup-5": {
            "position": {
              "y": 1.8599999999999914,
              "x": -0.7200000000000003,
              "z": -4.829999999999993
            },
            "rotation": {
              "y": -6.019999999999994
            }
          },
          "Level-1 / SecurityCameraGroup-6": {
            "position": {
              "y": 2.589999999999996,
              "x": 2.819999999999998,
              "z": -3.9899999999999984
            },
            "rotation": {
              "y": -1.4899999999999938
            }
          },
          "Level-1 / SecurityCameraGroup-7": {
            "position": {
              "y": 2.500000000000001,
              "x": 2.7999999999999963,
              "z": -1.4599999999999915
            },
            "rotation": {
              "y": -1.6600000000000004
            }
          },
          "Level-1 / SecurityCameraGroup-8": {
            "position": {
              "y": 2.429999999999997,
              "x": 2.8099999999999987,
              "z": -2.7899999999999907
            },
            "rotation": {
              "y": -1.1200000000000006
            }
          },
          "Level-2 / SecurityCameraGroup-1": {
            "position": {
              "x": 2.8200000000000047,
              "y": 5.709999999999974,
              "z": 0.3399999999999997
            },
            "rotation": {
              "y": 4.310000000000001
            }
          },
          "Level-2 / SecurityCameraGroup-2": {
            "position": {
              "y": 5.609999999999988,
              "z": 1.4500000000000066,
              "x": -0.3300000000000004
            },
            "rotation": {
              "y": 2.500000000000001
            }
          },
          "Level-2 / SecurityCameraGroup-3": {
            "position": {
              "y": 5.709999999999985,
              "z": -1.5500000000000005,
              "x": -1.2200000000000006
            },
            "rotation": {
              "y": 1.0100000000000002
            }
          },
          "Level-2 / SecurityCameraGroup-4": {
            "position": {
              "y": 5.439999999999989,
              "x": -1.190000000000012,
              "z": -3.139999999999999
            },
            "rotation": {
              "y": -5.819999999999994
            }
          },
          "Level-2 / SecurityCameraGroup-5": {
            "position": {
              "y": 5.469999999999996,
              "z": -4.829999999999993,
              "x": -0.7200000000000003
            },
            "rotation": {
              "y": -6.019999999999994,
              "x": 2.42861286636753e-17
            }
          },
          "Level-2 / SecurityCameraGroup-6": {
            "rotation": {
              "y": -1.4899999999999938
            },
            "position": {
              "y": 5.679999999999983,
              "z": -3.9899999999999984,
              "x": 2.819999999999998
            }
          },
          "Level-2 / SecurityCameraGroup-7": {
            "position": {
              "y": 5.409999999999965,
              "z": -1.4599999999999915,
              "x": 2.7999999999999963
            },
            "rotation": {
              "y": -1.6600000000000004
            }
          },
          "Persons / PersonGroup-1": {
            "position": {
              "y": 0.9100000000000006,
              "x": -0.660000000000001,
              "z": 0.16000000000000025
            },
            "rotation": {
              "y": 2.459999999999997
            }
          },
          "Persons / PersonGroup-2": {
            "position": {
              "y": 0.7600000000000005,
              "x": 1.2899999999999958,
              "z": 0.35999999999999943
            },
            "rotation": {
              "y": -2.4399999999999977
            }
          },
          "Persons / PersonGroup-3": {
            "position": {
              "y": 0.8500000000000008,
              "x": 0.5599999999999998,
              "z": -0.36999999999999994
            },
            "rotation": {
              "y": 2.6700000000000026,
              "x": 0
            }
          },
          "Persons / PersonGroup-4": {
            "position": {
              "y": 0.9699999999999958,
              "z": -3.3900000000000015,
              "x": 1.3699999999999999
            },
            "rotation": {
              "y": -0.03999999999999973,
              "x": -0.06000000000000008
            }
          },
          "Persons / PersonGroup-5": {
            "rotation": {
              "y": -2.02
            },
            "position": {
              "y": 1.0200000000000005,